Build,Kernel,M,N,K,Alpha,Beta,Time_median_s,Time_min_s,Time_max_s,Time_stddev_s,Time_cv_pct,GFLOPS_median,GFLOPS_peak,Cycles_median,Cycles_min,Cycles_max,Cycles_stddev,Cycles_cv_pct,Eff_GHz,IPC,FLOP_per_cycle_median,FLOP_per_cycle_peak,Repetitions,InterRun_CV_pct
native,mippv2_firestorm_mr4_nr4_fmaddi_crr,4,32,32,1,0,9.6031619e-08,9.59143342e-08,9.61946528e-08,7.83263531474e-11,0.08,85.3052,85.4095,513.7,512.9,514.6,0.5,0.09,5.3492,1.97,15.9474,15.9706,15,0.14
native,mippv2_firestorm_mr4_nr4_fmaddi_crr,4,32,64,1,0,1.927836372e-07,1.926762516e-07,1.92931606e-07,7.47428203202e-11,0.04,84.9865,85.0338,1027.1,1026.4,1028.0,0.4,0.04,5.3277,1.89,15.9517,15.9633,15,1.41
native,mippv2_firestorm_mr4_nr4_fmaddi_crr,4,32,128,1,0,3.870775864e-07,3.869946896e-07,3.87133392e-07,4.68743824112e-11,0.01,84.6549,84.6730,2060.7,2060.6,2060.8,0.1,0.00,5.3236,1.84,15.9018,15.9022,15,0.04
native,mippv2_firestorm_mr4_nr4_fmaddi_crr,4,32,256,1,0,7.7220553e-07,7.71980725e-07,7.73137298333e-07,3.06221482662e-10,0.04,84.8686,84.8933,4106.9,4106.8,4107.3,0.1,0.00,5.3184,1.83,15.9574,15.9577,15,0.02
native,mippv2_firestorm_mr4_nr4_fmaddi_crr,4,32,512,1,0,1.54504479667e-06,1.54469882333e-06,1.54609428e-06,3.86447145819e-10,0.03,84.8338,84.8528,8223.1,8222.9,8223.8,0.2,0.00,5.3222,1.82,15.9395,15.9398,15,0.05
native,mippv2_firestorm_mr4_nr4_fmaddi_crr,4,32,1024,1,0,3.08973530667e-06,3.08849588667e-06,3.09204267333e-06,1.01080852352e-09,0.03,84.8435,84.8776,16441.1,16440.9,16441.4,0.1,0.00,5.3212,1.81,15.9445,15.9447,15,0.01
native,blis_native,16,14,32,1,0,1.82863442e-07,1.82694655e-07,2.137461862e-07,7.97617916394e-09,4.31,78.3973,78.4697,972.3,972.1,972.3,0.1,0.01,5.3168,1.85,14.7451,14.7471,15,0.61
native,blis_native,16,14,64,1,0,3.54224916e-07,3.541587192e-07,3.544286652e-07,6.84343005428e-11,0.02,80.9429,80.9581,1873.6,1873.3,1873.7,0.1,0.01,5.2892,1.82,15.3035,15.3056,15,0.02
native,blis_native,16,14,128,1,0,6.95476932e-07,6.95298208e-07,6.958082328e-07,1.47412276419e-10,0.02,82.4528,82.4740,3672.0,3671.7,3672.1,0.1,0.00,5.2798,1.80,15.6167,15.6176,15,0.20
native,blis_native,16,14,256,1,0,1.37296708167e-06,1.37270732667e-06,1.37339507833e-06,1.89901722507e-10,0.01,83.5330,83.5488,7241.6,7241.5,7241.6,0.0,0.00,5.2744,1.79,15.8375,15.8376,15,0.00
native,blis_native,16,14,512,1,0,2.73202558333e-06,2.72991249667e-06,3.24859328333e-06,1.33407762194e-07,4.82,83.9582,84.0232,14411.1,14411.0,14411.3,0.1,0.00,5.2749,1.78,15.9167,15.9168,15,0.01
native,blis_native,16,14,1024,1,0,5.44635826667e-06,5.43953229333e-06,6.49065868667e-06,2.69763561666e-07,4.89,84.2310,84.3367,28775.5,28775.3,28775.8,0.1,0.00,5.2834,1.78,15.9425,15.9426,15,0.03
