Platform,Compiler,Layout,MIPPv2_Champion,MIPPv2_Peak_GFLOPS,BLIS_Peak_GFLOPS,Ratio_Peak_GFLOPS_pct,MIPPv2_Peak_FC,BLIS_Peak_FC,Ratio_Peak_FC_pct,MIPPv2_Med_FC,BLIS_Med_FC,Ratio_Med_FC_pct,Best_K
a100_rvv,clang,crr,mippv2_a100_mr7_nr2_lmul2_pipe_crr,12.8104,3.6603,349.98224189274106,6.4294,1.8371,349.9755048718089,6.4293,1.8369,350.00816593173283,512
a100_rvv,gcc,crr,mippv2_a100_mr7_nr2_lmul2_pipe_crr,13.3615,3.6595,365.11818554447325,6.708,1.8367,365.2202319377144,6.7078,1.8361,365.3286858014269,1024
m1_neon,clang,crr,mippv2_x60_mr6_nr4_fmaddi_crr,48.2738,47.9346,100.70763081365027,15.926,15.8128,100.7158757462309,15.926,15.8128,100.7158757462309,1024
m1_neon,gcc,crr,mippv2_x60_mr6_nr4_fmaddi_crr,48.2995,47.9375,100.75514993481096,15.934,15.8138,100.76009561269271,15.934,15.8138,100.76009561269271,1024
meteorlake_avx2,clang,crr,mippv2_meteorlake_mr4_nr3_crr,72.0492,72.2212,99.76184278300555,15.5549,15.4213,100.866334226038,15.5252,15.3598,101.07683693798097,1024
meteorlake_avx2,gcc,crr,mippv2_meteorlake_mr4_nr3_crr,69.974,72.8064,96.10968266526021,15.1,15.474,97.58304252294171,14.9997,15.4139,97.31281505653988,256
rpi5_neon,gcc,crr,mippv2_a76_mr6_nr4_fmaddi_crr,18.9224,18.7794,100.76147267750835,7.9116,7.8533,100.74236308303514,7.9116,7.8532,100.74364590230734,256
x100_rvv,clang,crr,mippv2_x100_register_blocked_apack4_crr,18.4934,18.0245,102.60145912507977,7.7197,7.5246,102.59282885468994,7.7172,7.5189,102.63735386825199,256
x100_rvv,gcc,crr,mippv2_x100_register_blocked_apack4_crr,16.2192,18.0551,89.83168190705119,6.7686,7.5367,89.80853689280454,6.768,7.535,89.82083609820836,256
x60_rvv,clang,crr,mippv2_a100_mr7_nr4_pipe_crr,7.4273,10.2843,72.21979133241932,4.6481,6.4359,72.22144533010146,4.6474,6.435,72.22066822066823,128
x60_rvv,gcc,crr,mippv2_a100_mr7_nr4_pipe_crr,7.2984,11.1856,65.24817622657703,4.5677,7.0011,65.24260473354188,4.5673,7.0003,65.24434667085697,128
zen4_avx512,clang,crr,mippv2_firestorm_mr4_nr4_fmaddi_crr,83.8234,83.1203,100.84588241380266,15.9964,15.9453,100.32047060889415,15.9951,15.9453,100.31231773626087,32
zen4_avx512,gcc,crr,mippv2_firestorm_mr4_nr4_fmaddi_crr,84.0484,83.241,100.9699547098185,15.9863,15.9449,100.25964414953998,15.9806,15.9448,100.22452460990417,32
zen5_avx512,clang,crr,mippv2_firestorm_mr4_nr4_fmaddi_crr,79.8762,79.8112,100.08144220360049,15.9959,15.9802,100.09824658014293,15.9958,15.9789,100.10576447690391,1024
zen5_avx512,gcc,crr,mippv2_firestorm_mr4_nr4_fmaddi_crr,81.0597,79.7882,101.59359404022148,15.9959,15.9803,100.09762019486492,15.9958,15.9802,100.09762080574711,32
